{"model": "lstm", "batch_size": 128, "epochs": 100, "scale": 0.005076142131979695, "min": 0.0, "score": [0.002875891931833743, 24.010731283683413]}