{"model": "lstm", "batch_size": 128, "score": [0.00326733821734876, 20.139865566135864], "min": 0.0, "epochs": 10, "scale": 0.005076142131979695}