{"epochs": 100, "score": [6233.21855262418, 99.57924438646616], "model": "lstm", "batch_size": 128, "scale": 0.005076142131979695, "min": 0.0}