{"model": "lstm", "batch_size": 128, "epochs": 100, "scale": 0.0014925373134328358, "min": -0.03880597014925373, "score": [0.0035816698087931093, 29698.95723284879]}