{"batch_size": 128, "scale": 0.0014925373134328358, "model": "lstm", "score": [0.0033767883231674524, 46555.35925443888], "min": -0.03880597014925373, "epochs": 100}