{"epochs": 10, "model": "lstm", "batch_size": 128, "scale": 0.005076142131979695, "score": [6235.432754250893, 99.40779450688696, 68.0165321769918], "min": 0.0}