{"batch_size": 128, "score": [6238.336076830777, 99.48540817979928, 68.0346603889545], "scale": 0.005076142131979695, "epochs": 10, "min": 0.0, "model": "lstm"}